tx_id,tx_date,amount,category,source
1,2025-07-21,2543.37,food,tinkoff
2,2025-12-25,2822.46,fun,alfa
3,2025-11-16,771.81,transport,alfa
4,2025-12-29,2854.62,health,alfa
5,2025-09-20,1513.15,transport,cash
6,2025-07-21,1011.66,home,cash
7,2025-12-07,241.57,fun,alfa
8,2025-11-06,4361.5,food,cash
9,2025-11-25,4363.32,home,cash
10,2025-09-27,2684.7,home,cash
11,2025-08-19,4250.72,home,tinkoff
12,2025-12-03,147.04,transport,tinkoff
13,2025-11-16,1425.59,education,alfa
14,2025-12-19,4517.79,subscriptions,cash
15,2025-11-18,3742.66,transport,tinkoff
16,2025-11-01,2192.92,fun,cash
17,2025-10-03,639.7,transport,tinkoff
18,2025-10-24,2342.14,transport,tinkoff
19,2025-07-30,1124.86,transport,cash
20,2025-09-23,1898.03,transport,tinkoff
21,2025-08-05,4956.27,health,cash
22,2025-12-15,4060.68,food,alfa
23,2025-12-25,1244.78,health,cash
24,2025-08-24,283.44,fun,tinkoff
25,2025-08-30,3677.0,fun,alfa
26,2025-09-13,3184.16,health,tinkoff
27,2025-09-04,4629.91,subscriptions,alfa
28,2025-07-27,435.35,subscriptions,alfa
29,2025-10-25,959.77,food,cash
30,2025-11-20,4367.31,food,cash
31,2025-07-25,2158.93,health,alfa
32,2025-08-24,559.87,fun,tinkoff
33,2025-10-03,3163.68,transport,tinkoff
34,2025-09-24,3578.72,education,tinkoff
35,2025-09-18,4901.41,health,tinkoff
36,2025-10-17,3527.27,food,alfa
37,2025-07-28,3059.92,food,alfa
38,2025-07-20,4863.63,subscriptions,tinkoff
39,2025-10-21,1796.3,home,tinkoff
40,2025-08-23,2999.63,health,cash
41,2025-07-13,1107.42,health,tinkoff
42,2025-10-07,1668.36,fun,cash
43,2025-11-09,314.46,food,tinkoff
44,2025-09-09,1822.39,fun,tinkoff
45,2025-12-20,3324.16,education,alfa
46,2025-09-28,3307.98,food,tinkoff
47,2025-07-28,3208.64,transport,alfa
48,2025-07-18,4375.97,subscriptions,cash
49,2025-11-13,3461.2,health,alfa
50,2025-10-13,1151.15,food,tinkoff
51,2025-07-30,4565.8,home,alfa
52,2025-07-02,3420.65,education,alfa
53,2025-09-26,2790.44,subscriptions,alfa
54,2025-12-01,383.55,food,cash
55,2025-12-15,2443.52,health,tinkoff
56,2025-07-11,4319.37,food,cash
57,2025-09-24,818.04,fun,alfa
58,2025-08-12,2771.21,fun,alfa
59,2025-10-12,1280.06,health,tinkoff
60,2025-08-15,1988.44,health,cash
61,2025-09-07,2413.31,transport,alfa
62,2025-08-15,3606.76,fun,cash
63,2025-07-31,4355.61,home,tinkoff
64,2025-11-12,3862.92,home,tinkoff
65,2025-11-22,4994.65,food,alfa
66,2025-12-31,2891.65,health,cash
67,2025-12-23,904.9,education,tinkoff
68,2025-09-20,3782.49,health,tinkoff
69,2025-09-24,2842.03,transport,tinkoff
70,2025-11-30,2764.3,transport,cash
71,2025-07-09,4134.68,education,alfa
72,2025-07-04,3048.64,food,tinkoff
73,2025-11-10,3427.99,education,tinkoff
74,2025-12-11,1253.45,subscriptions,tinkoff
75,2025-09-13,927.13,subscriptions,tinkoff
76,2025-12-19,1487.5,subscriptions,cash
77,2025-12-06,1181.9,home,alfa
78,2025-09-17,4494.3,health,tinkoff
79,2025-10-31,4282.8,fun,cash
80,2025-09-05,2692.14,subscriptions,cash
81,2025-11-28,4700.4,subscriptions,tinkoff
82,2025-08-22,2235.45,health,tinkoff
83,2025-11-20,3769.17,fun,cash
84,2025-10-17,4968.07,health,cash
85,2025-07-08,438.36,subscriptions,alfa
86,2025-07-04,927.67,subscriptions,cash
87,2025-12-18,710.75,fun,alfa
88,2025-10-20,2740.16,education,alfa
89,2025-09-12,641.34,fun,alfa
90,2025-10-25,4067.78,subscriptions,cash
91,2026-01-01,3105.24,food,alfa
92,2025-09-15,540.24,food,alfa
93,2025-12-26,1266.95,fun,alfa
94,2025-11-02,4184.52,home,alfa
95,2026-01-01,2150.08,transport,alfa
96,2025-07-07,1886.22,fun,tinkoff
97,2025-08-19,845.96,health,cash
98,2026-01-01,4642.68,transport,tinkoff
99,2025-12-25,2296.27,fun,cash
100,2025-12-27,3277.58,home,cash
101,2025-11-09,2015.76,education,cash
102,2025-12-05,4109.6,transport,cash
103,2025-08-18,3224.88,fun,tinkoff
104,2025-10-17,2304.92,fun,tinkoff
105,2025-08-03,1763.32,education,tinkoff
106,2025-12-11,3985.14,education,tinkoff
107,2025-12-26,2210.72,home,alfa
108,2025-07-10,1934.5,food,cash
109,2025-09-16,3554.57,education,alfa
110,2025-10-04,3429.05,health,alfa
111,2025-09-13,2194.66,education,tinkoff
112,2025-07-26,3598.52,home,alfa
113,2025-07-05,3075.93,health,tinkoff
114,2025-07-05,1015.38,home,tinkoff
115,2025-07-28,2457.81,home,cash
116,2025-07-09,2678.32,subscriptions,alfa
117,2025-12-02,2952.74,home,tinkoff
118,2025-09-04,726.68,fun,tinkoff
119,2025-07-24,646.09,transport,cash
120,2025-11-21,3190.45,education,tinkoff
121,2025-09-27,4266.96,fun,alfa
122,2025-09-14,4574.49,health,cash
123,2025-10-10,3768.07,home,tinkoff
124,2025-10-14,392.43,food,tinkoff
125,2025-11-15,3050.86,health,cash
126,2025-11-12,2208.6,home,cash
127,2025-10-25,4751.94,education,tinkoff
128,2025-11-11,4659.44,subscriptions,tinkoff
129,2025-12-17,2942.11,food,tinkoff
130,2025-10-18,3729.53,education,cash
131,2025-12-23,308.44,subscriptions,tinkoff
132,2025-11-23,3460.31,home,tinkoff
133,2025-09-15,2216.28,transport,cash
134,2025-09-23,2131.22,subscriptions,tinkoff
135,2025-09-13,911.27,education,tinkoff
136,2025-07-29,1468.42,fun,alfa
137,2025-10-02,3581.57,health,alfa
138,2025-08-17,4772.11,fun,cash
139,2025-12-17,2635.29,subscriptions,alfa
140,2025-12-24,4977.1,transport,cash
141,2025-10-04,120.48,fun,alfa
142,2025-11-24,2405.94,fun,alfa
143,2025-07-02,2877.57,education,tinkoff
144,2025-07-21,1860.61,education,cash
145,2025-10-29,3873.36,subscriptions,cash
146,2025-07-06,3627.53,food,cash
147,2025-07-23,3410.82,health,cash
148,2025-09-01,4615.53,food,cash
149,2025-12-19,4460.62,home,cash
150,2025-08-13,3351.56,transport,tinkoff
151,2025-11-17,2106.46,education,cash
152,2025-07-29,3170.84,transport,tinkoff
153,2025-08-26,1695.24,fun,alfa
154,2025-07-22,4932.43,fun,alfa
155,2025-08-10,1138.84,subscriptions,tinkoff
156,2025-12-09,2351.44,fun,cash
157,2025-12-27,3006.06,health,tinkoff
158,2025-07-27,1718.77,fun,alfa
159,2025-11-26,3055.61,subscriptions,alfa
160,2025-07-27,4136.39,subscriptions,alfa
161,2025-08-29,1585.55,subscriptions,cash
162,2025-07-23,127.19,subscriptions,tinkoff
163,2025-09-04,4521.32,health,cash
164,2025-11-26,4151.72,health,alfa
165,2025-09-11,3006.86,transport,alfa
166,2025-07-27,4985.32,subscriptions,tinkoff
167,2025-08-20,4288.89,subscriptions,cash
168,2025-08-15,4468.81,food,tinkoff
169,2025-07-10,1032.35,home,tinkoff
170,2025-09-19,3150.36,home,alfa
171,2025-10-24,823.44,education,alfa
172,2025-12-22,611.35,home,tinkoff
173,2025-12-27,4220.59,transport,alfa
174,2025-11-27,3151.48,transport,tinkoff
175,2025-08-10,1918.59,transport,cash
176,2025-12-03,1672.18,home,tinkoff
177,2025-08-15,1094.01,transport,cash
178,2025-11-19,1227.69,health,tinkoff
179,2025-11-04,3490.12,transport,alfa
180,2025-07-08,3174.89,education,cash
181,2025-07-16,971.5,education,alfa
182,2025-07-09,2051.59,health,tinkoff
183,2025-07-26,1706.68,fun,alfa
184,2025-10-11,2381.49,home,tinkoff
185,2025-08-07,1597.2,subscriptions,cash
186,2025-08-11,2144.97,food,cash
187,2025-10-09,1002.83,fun,alfa
188,2025-09-29,4786.43,food,cash
189,2025-09-10,1061.86,education,tinkoff
190,2025-11-24,3167.09,home,alfa
191,2025-11-14,2499.91,food,cash
192,2025-12-12,1052.57,education,tinkoff
193,2025-08-27,1969.25,health,alfa
194,2025-11-02,2112.96,transport,cash
195,2025-11-10,558.08,subscriptions,alfa
196,2025-12-09,3962.3,food,alfa
197,2025-07-15,646.59,health,cash
198,2025-07-17,4385.07,food,cash
199,2025-12-20,2405.95,health,alfa
200,2025-07-02,3695.38,fun,cash
201,2025-12-07,1339.88,subscriptions,tinkoff
202,2025-10-18,1865.39,health,tinkoff
203,2025-10-30,55.03,fun,cash
204,2025-10-08,4531.22,health,alfa
205,2025-07-06,1980.54,subscriptions,tinkoff
206,2025-08-10,1095.62,transport,cash
207,2025-12-13,4537.8,home,tinkoff
208,2025-11-09,755.96,health,alfa
209,2025-10-30,388.23,subscriptions,cash
210,2025-11-16,530.12,transport,cash
211,2025-11-12,1573.57,home,alfa
212,2025-07-25,2036.46,education,alfa
213,2025-08-21,2605.1,education,tinkoff
214,2025-12-09,2555.87,home,tinkoff
215,2025-08-21,2124.44,food,cash
216,2025-10-06,804.06,health,tinkoff
217,2025-12-26,2967.82,food,alfa
218,2025-08-24,2248.69,subscriptions,cash
219,2025-12-23,683.69,health,tinkoff
220,2025-10-03,3936.5,fun,cash
221,2025-07-17,653.9,food,tinkoff
222,2025-12-03,1771.05,education,cash
223,2025-10-12,1375.85,home,cash
224,2025-08-24,85.48,transport,tinkoff
225,2025-12-18,1602.36,home,alfa
226,2025-07-15,657.23,health,tinkoff
227,2025-12-25,2889.36,health,tinkoff
228,2025-11-01,4765.17,education,cash
229,2025-08-20,2262.25,subscriptions,cash
230,2025-12-02,4387.87,food,cash
231,2025-12-29,2530.36,fun,cash
232,2025-07-27,3880.25,subscriptions,tinkoff
233,2025-10-28,3160.29,fun,alfa
234,2025-07-30,3199.47,food,tinkoff
235,2025-12-25,2427.21,food,tinkoff
236,2025-08-10,2889.95,transport,cash
237,2025-10-18,3530.61,transport,alfa
238,2025-10-29,3240.92,subscriptions,cash
239,2025-10-31,3903.43,education,cash
240,2025-07-01,4695.96,food,alfa
241,2025-12-13,4199.58,home,alfa
242,2025-09-10,2409.02,subscriptions,tinkoff
243,2025-10-17,801.44,fun,tinkoff
244,2025-08-04,3727.92,home,cash
245,2025-07-28,2087.63,education,alfa
246,2025-10-03,2330.59,food,alfa
247,2025-08-26,112.2,subscriptions,tinkoff
248,2025-09-08,3873.54,education,alfa
249,2026-01-02,1740.74,subscriptions,alfa
250,2025-07-04,607.54,subscriptions,alfa
251,2025-11-23,4378.9,food,alfa
252,2025-12-10,4852.77,health,cash
253,2025-08-12,948.35,education,cash
254,2025-10-26,444.1,transport,cash
255,2025-11-03,1671.13,education,tinkoff
256,2025-08-22,725.58,food,cash
257,2025-11-08,4467.21,transport,cash
258,2025-08-18,382.95,education,tinkoff
259,2025-12-23,1663.45,subscriptions,alfa
260,2025-12-15,4518.85,fun,alfa
261,2025-12-19,515.42,food,alfa
262,2025-07-18,4774.55,home,tinkoff
263,2025-08-18,4502.18,home,cash
264,2025-09-10,1715.66,education,cash
265,2025-07-23,1998.16,education,cash
266,2025-10-13,2252.09,subscriptions,alfa
267,2025-09-27,153.45,subscriptions,cash
268,2025-07-13,4129.36,home,alfa
269,2025-08-14,3485.53,health,cash
270,2025-11-26,3808.83,fun,cash
271,2025-12-19,590.46,subscriptions,cash
272,2025-12-20,1215.43,fun,cash
273,2025-12-03,4200.89,food,tinkoff
274,2025-07-29,3332.08,subscriptions,cash
275,2025-11-27,3284.83,transport,alfa
276,2025-07-18,514.89,fun,cash
277,2025-12-15,893.15,transport,tinkoff
278,2025-08-26,3067.02,health,cash
279,2025-09-30,90.98,food,cash
280,2026-01-02,2273.59,transport,cash
281,2025-12-19,3686.4,subscriptions,tinkoff
282,2025-12-10,1190.77,education,cash
283,2025-08-31,2672.95,home,cash
284,2025-12-09,2049.37,health,tinkoff
285,2025-12-18,1216.21,home,alfa
286,2025-12-10,2239.66,home,alfa
287,2025-07-26,1680.23,health,alfa
288,2025-12-23,4037.23,food,cash
289,2025-10-13,1198.55,health,tinkoff
290,2025-12-09,2959.31,health,alfa
291,2025-12-24,1148.67,food,alfa
292,2025-08-15,3838.0,subscriptions,cash
293,2025-11-03,4581.17,fun,tinkoff
294,2025-08-05,1452.58,health,tinkoff
295,2025-10-29,2968.16,subscriptions,alfa
296,2025-09-06,2110.0,home,cash
297,2025-08-11,4250.82,food,alfa
298,2025-10-13,2069.75,fun,cash
299,2025-10-31,906.75,transport,alfa
300,2025-10-06,1912.21,transport,alfa
301,2025-12-09,3838.14,subscriptions,cash
302,2025-09-06,4550.77,fun,alfa
303,2025-08-07,3087.53,food,cash
304,2025-09-08,3326.0,transport,tinkoff
305,2025-08-20,991.82,subscriptions,alfa
306,2025-12-19,3608.9,health,alfa
307,2025-09-28,3061.19,education,tinkoff
308,2025-12-15,1808.82,subscriptions,cash
309,2025-12-02,4358.12,health,tinkoff
310,2025-09-27,900.57,transport,cash
311,2025-08-21,2857.13,fun,alfa
312,2025-09-11,4306.46,subscriptions,tinkoff
313,2025-09-04,1582.66,education,tinkoff
314,2025-12-13,3379.21,food,tinkoff
315,2025-09-08,4810.59,home,alfa
316,2025-11-24,3401.81,home,tinkoff
317,2025-07-09,552.09,subscriptions,alfa
318,2025-09-24,4779.64,subscriptions,alfa
319,2025-10-07,4222.67,education,alfa
320,2025-10-08,991.21,food,cash
321,2025-08-28,3323.69,transport,cash
322,2025-09-16,2912.27,subscriptions,alfa
323,2025-12-06,4651.01,food,cash
324,2025-10-25,1826.15,health,tinkoff
325,2025-09-12,4934.12,home,alfa
326,2025-07-15,3074.21,education,tinkoff
327,2025-12-30,815.59,education,alfa
328,2025-10-02,2500.47,health,tinkoff
329,2025-10-26,2199.22,home,cash
330,2025-07-09,3934.03,education,tinkoff
331,2025-08-04,1407.93,education,tinkoff
332,2025-11-26,588.51,health,alfa
333,2025-10-16,1355.19,subscriptions,cash
334,2025-08-29,3136.08,education,cash
335,2025-07-08,699.92,food,tinkoff
336,2025-09-04,3686.42,education,alfa
337,2025-09-10,4265.77,food,cash
338,2025-11-23,281.01,home,tinkoff
339,2025-09-13,92.72,home,tinkoff
340,2025-11-15,4946.09,home,cash
341,2025-08-09,1938.9,food,tinkoff
342,2025-08-31,1538.47,food,cash
343,2025-10-12,843.61,health,alfa
344,2025-08-17,4022.56,subscriptions,cash
345,2025-12-14,3687.73,education,cash
346,2025-07-30,2309.28,food,cash
347,2025-08-30,4619.46,education,alfa
348,2025-11-04,1897.85,transport,tinkoff
349,2025-07-06,67.4,transport,cash
350,2025-10-12,2310.7,home,alfa
351,2025-08-07,3818.74,fun,alfa
352,2025-10-08,4154.61,health,alfa
353,2025-11-18,3353.73,transport,alfa
354,2025-07-29,1597.13,subscriptions,alfa
355,2025-08-10,1786.72,health,alfa
356,2025-08-19,2581.55,education,alfa
357,2025-11-15,916.69,transport,cash
358,2025-09-17,772.82,health,tinkoff
359,2025-07-04,1087.98,health,cash
360,2025-11-26,4765.7,home,cash
361,2025-10-03,3017.17,food,alfa
362,2025-09-06,917.79,transport,tinkoff
363,2025-08-23,1713.46,education,tinkoff
364,2025-07-15,2196.06,health,tinkoff
365,2025-11-20,2896.36,subscriptions,tinkoff
366,2025-12-17,3230.01,education,alfa
367,2025-09-27,4458.07,transport,cash
368,2025-07-01,1563.61,fun,alfa
369,2025-08-17,4977.27,home,tinkoff
370,2025-11-01,1969.81,fun,tinkoff
371,2025-07-21,4397.52,health,tinkoff
372,2025-07-06,4384.49,education,tinkoff
373,2025-09-15,443.5,food,tinkoff
374,2025-11-05,654.57,home,cash
375,2025-12-21,4371.27,health,alfa
376,2025-08-26,4747.12,subscriptions,cash
377,2025-09-07,138.68,fun,cash
378,2025-09-17,3141.37,subscriptions,tinkoff
379,2025-10-18,4037.46,transport,tinkoff
380,2025-07-02,1299.71,transport,tinkoff
381,2025-10-14,3447.15,fun,tinkoff
382,2025-09-21,1829.51,food,alfa
383,2025-09-19,2170.74,education,alfa
384,2025-09-29,2774.05,food,alfa
385,2025-09-21,3192.35,education,cash
386,2025-12-29,2629.31,subscriptions,tinkoff
387,2025-07-30,3705.3,transport,tinkoff
388,2025-07-04,3967.48,health,cash
389,2025-11-22,284.91,food,cash
390,2025-11-30,1933.94,subscriptions,alfa
391,2025-11-21,301.26,health,cash
392,2025-08-06,4152.22,food,cash
393,2025-12-17,4713.87,subscriptions,tinkoff
394,2025-07-19,349.46,subscriptions,alfa
395,2025-12-03,3211.1,food,alfa
396,2025-10-10,2259.58,food,alfa
397,2025-10-03,286.78,food,tinkoff
398,2025-07-06,1612.09,food,cash
399,2025-07-14,766.82,home,cash
400,2025-10-18,4019.58,subscriptions,cash
401,2025-07-27,1484.98,home,tinkoff
402,2025-08-15,4605.75,education,alfa
403,2025-10-23,1987.11,fun,cash
404,2025-11-17,2171.88,home,cash
405,2025-08-19,3837.67,home,cash
406,2025-09-08,1233.67,transport,alfa
407,2025-10-28,1981.61,home,tinkoff
408,2025-09-10,3000.0,health,cash
409,2025-10-06,2334.47,education,alfa
410,2025-11-19,4210.52,transport,tinkoff
411,2025-10-10,1035.48,home,tinkoff
412,2025-07-16,3667.41,education,cash
413,2025-08-05,4116.67,food,alfa
414,2025-07-14,1511.92,education,cash
415,2025-11-26,4400.8,subscriptions,cash
416,2025-07-04,1104.84,health,alfa
417,2025-08-16,2188.68,subscriptions,cash
418,2025-08-17,4725.55,transport,alfa
419,2025-10-31,760.78,health,alfa
420,2025-11-07,2653.57,subscriptions,tinkoff
421,2025-09-17,677.74,transport,cash
422,2025-07-15,1836.07,transport,cash
423,2025-08-27,3037.26,education,alfa
424,2025-07-11,2828.56,health,tinkoff
425,2025-12-26,836.6,home,tinkoff
426,2025-08-25,2791.49,subscriptions,alfa
427,2026-01-01,976.17,education,alfa
428,2025-12-04,1867.22,health,alfa
429,2025-12-05,3117.67,transport,tinkoff
430,2025-10-08,2165.42,education,alfa
431,2025-09-13,1121.5,transport,tinkoff
432,2025-11-16,3305.35,education,tinkoff
433,2025-10-25,3917.88,health,tinkoff
434,2025-08-02,3921.93,food,tinkoff
435,2025-12-05,4234.43,home,tinkoff
436,2025-12-22,4259.53,education,alfa
437,2025-08-15,430.51,home,alfa
438,2025-11-22,3899.46,health,tinkoff
439,2025-10-11,884.68,education,cash
440,2025-12-05,549.68,fun,tinkoff
441,2025-11-30,1179.54,health,alfa
442,2025-11-28,2885.34,home,cash
443,2025-07-07,4916.92,education,alfa
444,2025-12-20,3477.26,food,alfa
445,2025-12-06,3933.18,home,tinkoff
446,2025-07-31,259.32,transport,alfa
447,2025-12-19,2421.8,food,cash
448,2025-09-16,3311.91,subscriptions,cash
449,2025-12-16,4008.09,health,alfa
450,2025-08-15,2812.45,fun,alfa
451,2025-10-04,228.09,food,tinkoff
452,2025-08-01,266.75,transport,tinkoff
453,2025-12-30,346.55,subscriptions,tinkoff
454,2025-08-19,3791.93,fun,cash
455,2025-08-20,3962.82,transport,tinkoff
456,2025-07-13,1520.75,education,alfa
457,2025-07-26,4848.91,health,alfa
458,2025-10-11,1033.99,food,cash
459,2025-08-17,3244.12,food,tinkoff
460,2025-08-21,4281.61,subscriptions,cash
461,2025-10-01,4674.84,education,alfa
462,2025-07-04,2612.5,education,alfa
463,2025-12-19,4144.9,subscriptions,cash
464,2025-07-17,4215.63,education,alfa
465,2025-09-19,3756.9,subscriptions,tinkoff
466,2025-10-25,480.28,transport,cash
467,2025-12-05,3593.95,food,tinkoff
468,2025-08-11,3245.33,food,alfa
469,2025-10-01,709.67,home,tinkoff
470,2025-10-14,4448.54,transport,tinkoff
471,2025-10-05,3211.11,home,tinkoff
472,2025-09-07,416.91,fun,alfa
473,2025-08-19,2278.67,fun,tinkoff
474,2025-09-24,3780.26,subscriptions,alfa
475,2025-12-25,2136.15,food,cash
476,2025-07-24,1572.32,subscriptions,tinkoff
477,2025-07-13,2336.98,subscriptions,alfa
478,2025-10-03,3928.67,education,tinkoff
479,2025-08-03,2711.33,health,alfa
480,2025-12-04,4576.91,transport,tinkoff
481,2025-10-08,2972.29,subscriptions,cash
482,2025-09-08,2584.56,fun,alfa
483,2025-08-22,91.17,health,cash
484,2025-09-04,712.19,education,alfa
485,2025-07-16,3168.9,food,tinkoff
486,2025-07-05,1630.32,education,tinkoff
487,2025-09-12,2744.27,home,alfa
488,2025-10-11,2405.94,home,tinkoff
489,2025-11-10,2085.17,food,cash
490,2025-08-03,4657.34,health,alfa
491,2025-09-05,1066.35,home,cash
492,2025-08-22,810.73,subscriptions,alfa
493,2025-11-26,1690.07,home,tinkoff
494,2025-09-26,2606.55,food,cash
495,2025-09-24,4884.83,food,tinkoff
496,2025-11-27,330.39,transport,tinkoff
497,2025-10-12,2480.04,fun,alfa
498,2025-12-15,2612.51,home,cash
499,2025-10-26,2790.62,health,tinkoff
500,2025-11-19,3149.9,health,cash
501,2025-11-18,2671.88,fun,tinkoff
502,2025-12-12,2953.1,home,cash
503,2025-10-16,3246.55,home,cash
504,2025-07-29,3799.63,home,cash
505,2025-07-17,4551.16,education,tinkoff
506,2025-08-25,353.12,education,alfa
507,2025-07-07,715.27,subscriptions,alfa
508,2025-09-12,2489.72,home,tinkoff
509,2025-09-18,4421.9,food,cash
510,2025-09-18,2059.15,fun,cash
511,2025-12-08,4637.96,transport,tinkoff
512,2025-09-05,3934.85,subscriptions,alfa
513,2025-12-21,2746.27,fun,cash
514,2025-08-25,1812.62,health,tinkoff
515,2025-08-27,3238.17,transport,cash
516,2025-07-30,2439.65,subscriptions,cash
517,2025-12-29,3591.61,food,alfa
518,2025-12-14,2348.07,fun,cash
519,2025-09-14,1485.31,health,alfa
520,2025-07-15,4724.45,transport,tinkoff
521,2025-09-03,498.02,fun,alfa
522,2025-12-07,2363.28,fun,alfa
523,2025-10-30,713.34,education,alfa
524,2025-07-30,2395.65,transport,cash
525,2025-11-22,1900.02,education,tinkoff
526,2025-07-15,284.06,health,tinkoff
527,2025-09-07,4588.74,fun,cash
528,2025-09-21,3454.92,transport,tinkoff
529,2025-10-19,2447.02,subscriptions,cash
530,2025-09-05,2568.62,food,alfa
531,2026-01-01,1836.03,food,alfa
532,2025-10-22,926.17,subscriptions,tinkoff
533,2025-12-09,3002.32,food,tinkoff
534,2025-08-08,693.24,home,cash
535,2025-12-20,2216.13,fun,tinkoff
536,2025-08-11,1994.5,home,tinkoff
537,2025-10-24,4929.49,home,cash
538,2025-11-13,4626.06,food,tinkoff
539,2025-07-06,1546.36,health,cash
540,2025-09-27,1462.78,food,tinkoff
541,2025-08-23,535.65,education,cash
542,2025-09-02,4221.15,health,cash
543,2025-11-16,2379.17,transport,tinkoff
544,2025-12-12,1663.57,fun,tinkoff
545,2025-09-05,3310.16,health,cash
546,2025-11-04,4294.53,home,tinkoff
547,2025-09-15,1694.44,health,alfa
548,2025-08-12,778.7,fun,alfa
549,2025-07-11,1260.58,fun,tinkoff
550,2026-01-01,1553.89,subscriptions,tinkoff
551,2025-09-10,593.17,food,tinkoff
552,2025-07-23,308.62,transport,cash
553,2025-07-22,2570.62,transport,alfa
554,2025-10-17,3106.89,subscriptions,alfa
555,2025-11-22,3198.07,subscriptions,cash
556,2025-10-21,2735.02,education,cash
557,2025-09-13,4103.28,subscriptions,alfa
558,2025-07-30,2889.09,transport,alfa
559,2025-08-27,2123.65,fun,alfa
560,2025-12-05,840.95,subscriptions,cash
561,2025-10-15,1070.25,education,cash
562,2025-11-22,2974.15,subscriptions,tinkoff
563,2025-09-30,4911.23,subscriptions,alfa
564,2025-11-20,4616.64,fun,cash
565,2025-12-23,4767.12,subscriptions,cash
566,2025-11-03,4928.77,food,tinkoff
567,2025-11-01,2005.21,home,alfa
568,2026-01-01,1349.9,transport,alfa
569,2025-09-15,1397.56,health,alfa
570,2025-08-31,314.8,food,cash
571,2025-11-02,833.9,education,tinkoff
572,2025-07-15,1938.19,transport,alfa
573,2025-11-06,2305.53,transport,tinkoff
574,2025-09-03,629.91,education,cash
575,2025-11-23,2111.65,health,alfa
576,2025-07-02,4264.27,fun,cash
577,2025-09-23,2007.42,fun,alfa
578,2025-07-23,58.01,subscriptions,cash
579,2025-11-13,350.48,transport,alfa
580,2025-08-30,4112.27,transport,tinkoff
581,2025-10-31,4837.47,food,cash
582,2025-07-06,498.33,transport,alfa
583,2025-10-09,145.4,home,cash
584,2025-08-13,1003.84,home,alfa
585,2025-11-21,1216.85,education,tinkoff
586,2025-12-07,473.84,transport,alfa
587,2025-11-04,2938.54,education,tinkoff
588,2025-12-09,540.59,health,cash
589,2025-08-07,4009.17,health,cash
590,2025-08-03,4348.24,home,alfa
591,2025-07-17,1023.78,health,alfa
592,2025-12-22,429.52,education,alfa
593,2025-07-01,441.32,fun,tinkoff
594,2025-08-22,2609.8,education,alfa
595,2025-12-07,965.51,education,cash
596,2025-07-06,79.12,health,cash
597,2025-09-21,3563.38,education,alfa
598,2025-07-05,2099.77,health,cash
599,2025-11-05,634.67,subscriptions,tinkoff
600,2025-09-12,419.4,subscriptions,cash
601,2025-12-15,2554.63,food,tinkoff
602,2025-08-10,1372.6,subscriptions,cash
603,2025-10-07,774.15,fun,alfa
604,2025-10-31,2880.22,fun,alfa
605,2025-09-15,4297.63,education,alfa
606,2025-07-16,4320.48,education,cash
607,2025-12-13,4106.37,fun,alfa
608,2025-10-16,394.68,subscriptions,tinkoff
609,2025-07-09,4955.36,food,alfa
610,2025-11-06,1528.55,home,alfa
611,2025-11-18,522.03,transport,alfa
612,2025-08-15,3320.73,education,cash
613,2025-08-28,1469.1,subscriptions,tinkoff
614,2025-09-21,3852.67,food,alfa
615,2025-07-05,1600.24,health,alfa
616,2025-10-29,1994.4,home,tinkoff
617,2025-11-11,3761.15,subscriptions,alfa
618,2025-08-21,1245.2,subscriptions,cash
619,2025-11-06,3872.81,transport,tinkoff
620,2025-10-19,4538.61,subscriptions,tinkoff
621,2025-08-17,417.74,education,tinkoff
622,2025-10-11,3399.01,education,alfa
623,2025-09-22,2329.98,food,alfa
624,2025-08-11,1379.0,subscriptions,alfa
625,2025-08-16,2313.44,food,alfa
626,2025-09-03,4603.98,fun,tinkoff
627,2025-12-30,2006.61,education,tinkoff
628,2025-09-14,3005.33,fun,cash
629,2025-08-28,542.51,health,tinkoff
630,2025-11-17,158.83,transport,tinkoff
631,2025-11-16,2347.47,health,tinkoff
632,2025-12-25,4208.4,education,tinkoff
633,2025-09-25,489.05,food,alfa
634,2025-07-25,3827.43,subscriptions,cash
635,2025-09-17,1994.0,education,alfa
636,2025-09-05,4856.53,fun,alfa
637,2025-12-06,1065.02,fun,cash
638,2025-07-28,399.14,home,cash
639,2025-07-17,1865.24,health,cash
640,2025-08-14,1280.71,health,tinkoff
641,2025-08-03,1455.19,food,cash
642,2025-11-10,3979.0,education,tinkoff
643,2025-08-04,3374.02,health,tinkoff
644,2025-07-28,2664.4,health,alfa
645,2025-11-01,4805.04,health,tinkoff
646,2025-08-02,4872.0,subscriptions,alfa
647,2025-11-12,1394.93,food,cash
648,2025-10-20,1795.88,food,tinkoff
649,2025-11-24,4592.24,health,tinkoff
650,2025-12-10,4711.28,home,tinkoff
651,2025-09-11,4844.91,education,alfa
652,2025-09-21,3323.55,education,cash
653,2025-10-04,1138.81,food,tinkoff
654,2025-07-20,3533.72,home,cash
655,2025-12-15,74.57,subscriptions,cash
656,2025-08-12,3446.97,health,tinkoff
657,2025-07-13,1227.81,subscriptions,tinkoff
658,2025-07-05,3594.3,food,cash
659,2025-10-09,3481.04,transport,tinkoff
660,2025-07-31,1169.12,health,tinkoff
661,2025-07-31,4455.8,subscriptions,cash
662,2025-07-16,2420.01,education,alfa
663,2025-11-20,656.0,fun,tinkoff
664,2025-12-18,4242.79,health,cash
665,2025-11-19,271.01,home,tinkoff
666,2025-12-31,3966.11,subscriptions,tinkoff
667,2025-10-04,1477.36,transport,cash
668,2025-07-24,2997.36,food,alfa
669,2025-09-05,4053.51,subscriptions,alfa
670,2025-07-26,3684.3,health,cash
671,2025-11-07,2509.28,subscriptions,tinkoff
672,2025-12-11,351.84,education,cash
673,2025-09-03,1729.2,fun,tinkoff
674,2025-12-15,3364.02,home,tinkoff
675,2025-11-30,862.84,food,cash
676,2025-09-23,4977.02,health,alfa
677,2025-09-11,4173.9,home,cash
678,2025-09-04,2941.43,education,alfa
679,2025-08-02,722.23,home,tinkoff
680,2025-12-20,3789.99,food,cash
681,2025-07-21,1958.72,education,alfa
682,2025-11-11,157.67,health,tinkoff
683,2025-07-14,1940.6,food,tinkoff
684,2025-09-15,1995.35,food,tinkoff
685,2025-07-04,2084.6,education,tinkoff
686,2025-10-25,4877.79,health,alfa
687,2025-10-11,605.58,home,tinkoff
688,2025-12-31,3799.31,home,tinkoff
689,2025-12-10,713.6,subscriptions,alfa
690,2026-01-02,3806.88,health,tinkoff
691,2025-09-27,2842.9,home,cash
692,2025-09-27,2547.61,transport,tinkoff
693,2025-10-04,2103.29,transport,alfa
694,2025-12-07,2844.01,education,alfa
695,2025-10-24,1022.82,home,tinkoff
696,2025-09-04,4539.97,food,tinkoff
697,2025-08-28,3941.39,fun,cash
698,2025-11-20,2293.3,education,alfa
699,2025-11-27,804.56,health,tinkoff
700,2025-12-25,1698.13,transport,cash
701,2025-11-27,2716.15,health,alfa
702,2025-10-30,3251.28,food,cash
703,2025-08-26,2152.38,health,tinkoff
704,2025-07-16,4668.41,subscriptions,alfa
705,2025-09-21,1686.5,home,cash
706,2025-12-21,855.49,fun,cash
707,2025-07-30,2771.92,education,tinkoff
708,2025-08-08,1821.12,subscriptions,cash
709,2025-07-15,1006.14,transport,tinkoff
710,2025-10-16,2474.79,fun,cash
711,2025-07-21,1371.57,subscriptions,cash
712,2025-09-23,4044.8,fun,cash
713,2025-09-27,4040.57,home,cash
714,2025-07-24,3496.14,education,tinkoff
715,2025-10-13,1964.24,health,tinkoff
716,2025-11-30,4651.66,health,cash
717,2025-10-27,4574.46,transport,alfa
718,2025-11-05,963.73,food,tinkoff
719,2025-09-23,444.84,fun,tinkoff
720,2025-08-26,1048.86,subscriptions,tinkoff
721,2025-12-12,4088.88,health,cash
722,2025-08-17,158.32,education,tinkoff
723,2025-09-19,2285.07,health,tinkoff
724,2025-09-30,1754.22,education,cash
725,2025-10-10,1171.2,home,cash
726,2025-09-19,1033.75,transport,cash
727,2025-08-19,304.75,subscriptions,cash
728,2025-10-01,3530.37,fun,tinkoff
729,2025-09-21,3120.7,health,alfa
730,2025-11-07,1496.72,health,cash
731,2025-12-22,3962.53,home,tinkoff
732,2025-11-05,2604.14,education,alfa
733,2025-09-29,3437.49,transport,cash
734,2025-07-09,1061.73,fun,alfa
735,2025-09-14,1692.01,health,alfa
736,2025-12-21,161.3,subscriptions,cash
737,2025-07-14,3132.84,health,tinkoff
738,2025-10-27,4737.41,food,cash
739,2025-12-24,4406.75,fun,alfa
740,2025-09-01,1269.58,food,alfa
741,2025-07-10,3825.15,food,cash
742,2025-08-08,864.97,health,tinkoff
743,2025-12-08,4568.94,fun,alfa
744,2025-12-09,2104.83,education,tinkoff
745,2025-07-02,4840.59,food,alfa
746,2025-12-19,398.98,transport,tinkoff
747,2025-12-22,3183.48,transport,tinkoff
748,2025-12-14,1837.68,transport,alfa
749,2025-10-06,1970.83,transport,alfa
750,2025-12-17,4285.92,transport,cash
751,2025-10-01,690.92,home,tinkoff
752,2025-10-24,1637.54,fun,alfa
753,2025-12-06,1287.89,home,tinkoff
754,2025-08-08,1455.79,health,alfa
755,2025-08-18,1110.57,transport,cash
756,2025-08-24,4637.04,home,alfa
757,2025-12-04,4262.82,health,tinkoff
758,2025-07-06,701.63,health,tinkoff
759,2025-10-05,1917.01,food,cash
760,2025-07-04,2303.1,food,tinkoff
761,2025-11-19,151.68,transport,alfa
762,2025-08-30,2227.52,fun,cash
763,2025-12-06,3266.93,health,alfa
764,2025-11-04,2881.75,subscriptions,tinkoff
765,2025-12-18,3920.09,health,cash
766,2025-07-04,2937.91,home,tinkoff
767,2025-09-22,947.91,education,alfa
768,2025-07-20,1182.55,transport,tinkoff
769,2025-10-17,1217.27,transport,tinkoff
770,2025-08-21,778.9,food,tinkoff
771,2025-09-07,2521.67,fun,alfa
772,2025-07-02,3956.05,transport,cash
773,2025-10-28,4507.35,education,cash
774,2025-07-18,2522.62,subscriptions,alfa
775,2025-12-24,3725.78,subscriptions,tinkoff
776,2025-10-19,4058.58,home,tinkoff
777,2025-12-26,4793.51,health,alfa
778,2025-07-04,1494.37,transport,cash
779,2025-12-13,811.92,home,cash
780,2025-12-07,458.89,food,tinkoff
781,2025-10-08,3241.49,home,tinkoff
782,2025-08-28,450.21,transport,tinkoff
783,2025-08-02,3883.47,subscriptions,cash
784,2025-08-29,3344.03,food,tinkoff
785,2025-07-16,4281.79,health,tinkoff
786,2025-08-08,4427.1,fun,cash
787,2025-09-02,470.69,fun,alfa
788,2025-12-27,1451.54,home,cash
789,2025-12-05,1526.39,education,cash
790,2025-08-03,3430.51,food,cash
791,2025-12-02,2856.08,food,alfa
792,2025-07-22,3267.24,home,alfa
793,2025-07-18,544.37,transport,cash
794,2025-11-12,1949.58,food,tinkoff
795,2025-10-30,4525.21,education,tinkoff
796,2025-07-22,2073.44,fun,cash
797,2025-09-24,3754.41,food,alfa
798,2025-12-06,4941.38,transport,alfa
799,2025-12-01,3351.61,food,alfa
800,2025-10-09,3561.75,home,alfa
801,2025-07-07,2329.76,health,tinkoff
802,2025-12-02,1444.86,transport,alfa
803,2025-10-23,4544.63,education,alfa
804,2025-12-19,1678.41,transport,alfa
805,2025-10-19,4553.16,transport,alfa
806,2025-07-04,3223.54,transport,tinkoff
807,2025-07-13,4813.01,home,alfa
808,2025-08-21,1766.42,food,tinkoff
809,2025-08-25,4765.36,home,tinkoff
810,2025-12-06,235.24,transport,alfa
811,2025-09-17,4503.41,education,tinkoff
812,2025-12-15,4788.98,fun,alfa
813,2025-12-15,725.97,health,tinkoff
814,2025-11-24,1732.95,education,tinkoff
815,2025-10-29,2889.13,subscriptions,cash
816,2025-07-03,4314.52,subscriptions,cash
817,2025-09-20,3640.48,home,alfa
818,2025-09-10,1471.39,health,alfa
819,2025-09-12,1692.86,food,cash
820,2025-07-06,262.94,subscriptions,tinkoff
821,2025-11-05,4730.79,subscriptions,alfa
822,2025-12-01,4214.15,subscriptions,tinkoff
823,2025-11-16,2361.2,health,alfa
824,2025-10-07,4094.41,food,alfa
825,2025-12-13,4248.4,transport,cash
826,2025-08-06,1579.39,subscriptions,tinkoff
827,2025-10-18,2974.8,food,tinkoff
828,2025-12-08,2098.9,health,cash
829,2025-08-17,2044.48,fun,cash
830,2025-08-22,4656.73,subscriptions,cash
831,2025-12-24,2871.91,transport,cash
832,2025-09-16,1226.29,food,alfa
833,2025-12-02,2974.67,fun,tinkoff
834,2025-09-17,4377.57,education,cash
835,2025-09-16,2098.43,food,alfa
836,2025-12-19,2943.95,fun,alfa
837,2025-08-07,4171.64,fun,cash
838,2025-10-31,3332.49,subscriptions,cash
839,2025-12-11,587.53,education,tinkoff
840,2025-08-20,2439.7,subscriptions,tinkoff
841,2025-07-23,3554.08,fun,cash
842,2025-08-11,3695.25,food,cash
843,2025-09-10,301.78,transport,tinkoff
844,2025-10-26,2082.82,subscriptions,cash
845,2025-09-15,677.59,transport,tinkoff
846,2025-10-31,4997.23,health,cash
847,2025-11-25,237.19,food,tinkoff
848,2025-11-13,2318.26,food,tinkoff
849,2025-08-08,2839.11,home,cash
850,2025-07-01,4479.15,health,alfa
851,2025-08-15,3121.59,health,alfa
852,2025-10-01,4645.18,food,tinkoff
853,2025-08-24,4758.18,subscriptions,alfa
854,2025-12-01,1598.25,food,tinkoff
855,2025-08-30,1081.88,home,tinkoff
856,2025-10-17,690.89,food,alfa
857,2025-09-10,2178.09,transport,alfa
858,2025-11-11,3796.21,education,cash
859,2025-07-21,3621.99,education,cash
860,2025-12-12,3885.96,home,tinkoff
861,2025-07-30,1976.36,health,alfa
862,2025-10-03,1777.84,subscriptions,tinkoff
863,2025-10-08,1191.64,education,cash
864,2025-07-31,3243.78,health,alfa
865,2025-10-19,4234.97,health,alfa
866,2025-11-10,742.88,food,alfa
867,2025-07-22,254.91,fun,cash
868,2025-09-13,3401.08,education,tinkoff
869,2025-07-11,2909.48,fun,tinkoff
870,2025-08-02,4625.33,health,cash
871,2025-11-03,4137.58,fun,cash
872,2025-12-08,4041.09,health,alfa
873,2025-08-16,3464.66,home,tinkoff
874,2025-07-06,3145.71,education,cash
875,2025-09-29,4779.27,transport,tinkoff
876,2025-10-19,4726.31,transport,alfa
877,2025-12-30,172.51,health,alfa
878,2025-12-13,4567.97,fun,tinkoff
879,2025-07-07,600.91,transport,alfa
880,2025-12-30,4429.77,education,tinkoff
881,2025-09-22,3929.87,home,tinkoff
882,2025-07-07,863.22,health,tinkoff
883,2025-09-21,1325.56,fun,cash
884,2025-12-06,2456.42,food,tinkoff
885,2025-08-15,2566.99,transport,tinkoff
886,2025-07-11,636.71,education,tinkoff
887,2025-08-28,4252.59,education,tinkoff
888,2025-09-23,2982.28,health,alfa
889,2025-07-25,58.49,food,tinkoff
890,2025-11-07,2583.88,subscriptions,tinkoff
891,2025-12-31,1939.83,fun,cash
892,2025-11-23,2936.78,home,cash
893,2025-08-01,3404.8,education,alfa
894,2025-09-22,3609.36,fun,alfa
895,2025-10-14,4094.85,education,tinkoff
896,2025-10-01,4184.54,fun,cash
897,2025-10-26,3924.84,education,tinkoff
898,2025-10-01,1832.91,fun,alfa
899,2026-01-02,4334.92,food,tinkoff
900,2025-09-18,2927.63,subscriptions,cash
901,2025-09-25,2732.8,fun,alfa
902,2025-07-28,968.44,transport,alfa
903,2025-09-04,2736.21,subscriptions,tinkoff
904,2025-12-15,2003.9,subscriptions,cash
905,2025-09-02,241.0,health,cash
906,2025-07-17,4366.56,health,alfa
907,2025-10-30,249.74,education,cash
908,2025-12-28,641.04,fun,alfa
909,2025-09-03,3782.24,education,cash
910,2025-12-06,4723.1,health,alfa
911,2025-08-20,1691.35,fun,alfa
912,2025-09-25,669.63,subscriptions,tinkoff
913,2025-12-28,3544.61,subscriptions,cash
914,2025-07-13,589.9,food,cash
915,2026-01-01,4415.39,health,alfa
916,2025-07-21,1338.13,fun,tinkoff
917,2025-11-14,4493.23,health,alfa
918,2025-12-25,2396.54,education,tinkoff
919,2025-10-10,3217.48,fun,cash
920,2025-10-20,3256.45,transport,tinkoff
921,2026-01-02,2688.27,health,alfa
922,2025-07-11,1375.67,health,cash
923,2025-07-31,893.12,health,cash
924,2025-09-10,3271.78,food,tinkoff
925,2025-12-15,3393.79,subscriptions,tinkoff
926,2025-12-05,4908.34,food,alfa
927,2025-09-27,2921.64,food,alfa
928,2025-09-14,1907.3,fun,tinkoff
929,2025-09-20,1041.14,home,cash
930,2025-10-21,701.15,fun,tinkoff
931,2025-08-14,429.26,education,alfa
932,2025-11-18,4099.18,food,cash
933,2025-10-10,3975.71,food,alfa
934,2025-08-22,3161.29,home,cash
935,2025-09-24,3387.5,education,alfa
936,2025-11-14,989.56,fun,tinkoff
937,2025-09-11,1955.18,education,cash
938,2025-10-17,3971.27,subscriptions,cash
939,2025-07-28,519.08,fun,alfa
940,2025-08-10,4723.19,home,alfa
941,2025-10-26,2716.27,transport,cash
942,2025-08-15,351.66,home,tinkoff
943,2025-09-24,3361.48,education,tinkoff
944,2025-12-13,4697.37,education,alfa
945,2025-08-05,942.75,transport,tinkoff
946,2025-12-17,1607.01,education,alfa
947,2025-09-19,2989.8,subscriptions,tinkoff
948,2025-10-11,1317.92,transport,cash
949,2025-08-21,1360.02,fun,cash
950,2025-07-11,712.41,transport,alfa
951,2025-08-11,940.6,home,cash
952,2025-07-06,3274.5,subscriptions,tinkoff
953,2025-07-21,3782.86,education,alfa
954,2025-07-03,1366.71,food,tinkoff
955,2025-08-10,4191.45,fun,tinkoff
956,2025-07-14,773.97,home,alfa
957,2025-09-29,4508.85,transport,alfa
958,2025-10-07,3995.49,food,cash
959,2025-11-12,4637.57,home,cash
960,2025-11-09,3934.5,fun,tinkoff
961,2025-12-27,3964.45,education,alfa
962,2025-11-03,3355.07,home,tinkoff
963,2025-08-07,4548.38,transport,cash
964,2025-07-26,289.68,food,tinkoff
965,2025-12-04,3609.36,home,cash
966,2025-09-18,3840.14,home,alfa
967,2025-09-03,1315.52,fun,tinkoff
968,2025-07-13,2630.17,subscriptions,tinkoff
969,2025-11-06,1818.61,food,tinkoff
970,2025-10-08,3772.73,health,cash
971,2025-08-30,2872.35,subscriptions,cash
972,2025-12-31,2033.25,home,alfa
973,2026-01-01,4723.0,transport,tinkoff
974,2025-07-07,623.56,fun,cash
975,2025-09-29,3657.14,health,tinkoff
976,2025-12-29,2227.44,subscriptions,tinkoff
977,2025-09-17,1124.01,subscriptions,tinkoff
978,2025-08-24,4637.9,subscriptions,alfa
979,2025-09-01,3139.69,home,cash
980,2025-10-15,563.09,health,alfa
981,2025-10-13,852.12,education,alfa
982,2025-10-31,1787.14,food,alfa
983,2025-11-16,3604.34,education,alfa
984,2025-12-10,3119.59,subscriptions,alfa
985,2025-09-08,1706.17,transport,tinkoff
986,2025-12-12,3768.5,fun,cash
987,2025-11-17,3937.15,food,cash
988,2025-12-28,2849.49,transport,cash
989,2025-09-28,80.17,transport,alfa
990,2025-11-18,3760.32,health,cash
991,2025-09-28,3557.19,health,tinkoff
992,2025-11-18,712.6,education,cash
993,2025-12-25,3953.91,food,tinkoff
994,2025-08-19,3547.44,fun,tinkoff
995,2025-12-27,1856.4,home,cash
996,2025-09-25,2631.9,subscriptions,alfa
997,2025-10-08,2152.54,education,cash
998,2025-12-07,4528.08,subscriptions,alfa
999,2025-11-04,1181.57,education,tinkoff
1000,2025-08-26,1544.08,home,alfa
1001,2025-12-29,2261.78,transport,tinkoff
1002,2025-10-30,791.63,fun,cash
1003,2025-10-15,565.63,home,tinkoff
1004,2025-12-29,978.6,home,alfa
1005,2025-08-10,185.08,food,cash
1006,2025-12-22,814.6,fun,alfa
1007,2025-07-26,2410.31,education,tinkoff
1008,2025-12-10,3174.36,home,alfa
1009,2025-09-22,3277.82,subscriptions,tinkoff
1010,2025-07-02,4597.5,home,cash
1011,2025-10-03,2129.4,subscriptions,alfa
1012,2025-08-09,1625.21,education,tinkoff
1013,2025-08-16,3864.74,fun,cash
1014,2025-08-16,4681.03,food,tinkoff
1015,2025-10-15,2686.96,education,cash
1016,2025-11-21,4953.93,home,alfa
1017,2025-07-09,4223.91,transport,tinkoff
1018,2025-10-17,3559.43,health,alfa
1019,2025-08-28,2815.08,food,tinkoff
1020,2025-07-20,180.97,home,cash
1021,2025-12-02,4193.42,education,tinkoff
1022,2025-09-13,636.9,subscriptions,cash
1023,2025-10-18,2512.71,education,tinkoff
1024,2025-11-15,50.98,subscriptions,cash
1025,2025-07-18,2785.01,subscriptions,cash
1026,2025-08-20,1761.65,food,alfa
1027,2025-09-19,3195.66,subscriptions,alfa
1028,2025-09-05,2038.05,subscriptions,alfa
1029,2025-12-18,1376.45,home,tinkoff
1030,2025-12-19,1635.18,transport,alfa
1031,2025-10-22,3115.73,transport,alfa
1032,2025-10-23,941.02,health,cash
1033,2025-11-27,2020.44,food,alfa
1034,2025-11-11,4944.95,subscriptions,tinkoff
1035,2025-09-30,3100.37,fun,alfa
1036,2025-11-06,2734.59,education,cash
1037,2025-10-06,3751.71,subscriptions,alfa
1038,2025-07-12,2078.19,health,tinkoff
1039,2025-11-23,1143.75,education,tinkoff
1040,2025-07-17,2804.59,food,cash
1041,2025-10-08,3501.49,food,alfa
1042,2025-12-03,4041.98,fun,alfa
1043,2025-09-14,2869.51,fun,cash
1044,2025-10-18,1965.17,subscriptions,alfa
1045,2025-11-20,4938.94,health,alfa
1046,2025-09-19,4247.42,home,tinkoff
1047,2025-12-07,1972.69,subscriptions,alfa
1048,2025-07-04,2098.24,subscriptions,tinkoff
1049,2025-07-15,4594.56,transport,tinkoff
1050,2025-08-27,1681.08,transport,alfa
1051,2025-08-01,2043.48,education,tinkoff
1052,2025-08-31,3349.45,fun,tinkoff
1053,2025-09-08,4293.17,subscriptions,tinkoff
1054,2025-12-08,346.54,education,cash
1055,2025-12-07,2601.59,fun,cash
1056,2025-12-23,1373.68,subscriptions,cash
1057,2025-11-26,1097.05,home,tinkoff
1058,2025-07-09,2042.28,subscriptions,tinkoff
1059,2025-12-21,3927.44,food,cash
1060,2025-07-20,369.66,education,tinkoff
1061,2025-08-05,4172.21,transport,alfa
1062,2025-09-03,4799.14,food,cash
1063,2025-10-01,2995.53,food,alfa
1064,2025-07-19,619.69,transport,alfa
1065,2025-07-10,2947.47,health,alfa
1066,2025-07-15,2426.2,education,alfa
1067,2025-12-30,3025.1,subscriptions,tinkoff
1068,2025-12-03,956.38,education,cash
1069,2025-09-25,2949.0,transport,tinkoff
1070,2025-11-19,1387.95,fun,cash
1071,2025-07-30,1755.9,fun,tinkoff
1072,2025-12-04,1112.5,food,alfa
1073,2025-09-19,4822.87,home,alfa
1074,2025-08-09,3157.03,education,tinkoff
1075,2025-12-19,1100.57,education,alfa
1076,2025-12-14,2384.06,subscriptions,tinkoff
1077,2025-12-28,4843.96,fun,tinkoff
1078,2025-11-27,3554.31,fun,alfa
1079,2025-08-20,3777.99,subscriptions,alfa
1080,2025-09-30,3309.86,health,cash
1081,2025-12-07,1117.44,health,tinkoff
1082,2025-09-05,1351.31,home,tinkoff
1083,2025-12-28,1871.75,health,alfa
1084,2025-11-05,3607.66,fun,alfa
1085,2025-07-02,2555.25,education,cash
1086,2025-07-07,976.25,health,tinkoff
1087,2025-12-09,511.38,education,cash
1088,2025-08-20,1745.37,home,tinkoff
1089,2025-09-30,2995.67,education,alfa
1090,2025-08-12,4160.23,fun,alfa
1091,2025-12-16,3401.71,food,alfa
1092,2025-09-15,215.67,health,cash
1093,2025-10-20,4234.33,home,cash
1094,2025-07-10,1447.52,subscriptions,tinkoff
1095,2025-11-28,4306.97,subscriptions,alfa
1096,2025-10-16,3335.39,food,cash
1097,2025-11-12,2129.85,fun,cash
1098,2025-08-22,2521.67,fun,tinkoff
1099,2025-08-27,4400.37,transport,tinkoff
1100,2025-11-07,4553.7,transport,tinkoff
1101,2025-09-05,2165.35,home,tinkoff
1102,2025-10-17,4082.97,subscriptions,alfa
1103,2025-12-13,3711.77,home,alfa
1104,2025-08-18,3540.52,food,alfa
1105,2025-09-17,4781.82,transport,cash
1106,2025-12-20,1712.42,health,cash
1107,2025-08-28,3457.79,education,tinkoff
1108,2025-09-17,1387.66,subscriptions,tinkoff
1109,2025-08-24,480.23,education,alfa
1110,2025-09-24,4314.52,transport,cash
1111,2025-11-23,298.09,health,alfa
1112,2025-12-14,2269.34,education,tinkoff
1113,2025-12-02,3231.75,food,alfa
1114,2025-10-14,1050.71,food,alfa
1115,2025-07-09,3712.25,subscriptions,alfa
1116,2025-12-15,210.26,education,alfa
1117,2025-09-21,900.89,transport,cash
1118,2025-08-05,4952.66,health,alfa
1119,2025-08-09,858.18,education,tinkoff
1120,2025-12-19,3380.57,fun,alfa
1121,2025-12-27,1287.69,fun,cash
1122,2025-12-03,423.96,transport,alfa
1123,2025-09-22,4923.07,transport,cash
1124,2025-12-10,3389.21,transport,alfa
1125,2025-07-25,2274.35,education,tinkoff
1126,2025-12-09,3828.92,food,cash
1127,2025-08-12,2780.78,fun,tinkoff
1128,2025-12-04,3980.32,education,cash
1129,2025-11-08,578.74,home,cash
1130,2025-11-09,4301.52,transport,cash
1131,2025-07-26,3449.79,subscriptions,tinkoff
1132,2025-10-31,4520.84,home,cash
1133,2025-10-18,1996.79,education,tinkoff
1134,2025-11-18,3400.95,transport,cash
1135,2025-08-19,1546.33,subscriptions,cash
1136,2025-08-16,3945.64,fun,cash
1137,2025-11-25,2988.8,fun,cash
1138,2025-11-20,4468.49,subscriptions,alfa
1139,2025-07-09,1712.4,transport,alfa
1140,2025-07-19,3054.1,health,tinkoff
1141,2025-12-07,2725.49,fun,alfa
1142,2025-10-06,1701.19,home,cash
1143,2025-08-24,2401.65,subscriptions,cash
1144,2025-08-31,4307.96,education,tinkoff
1145,2025-09-24,264.47,fun,tinkoff
1146,2025-12-24,2197.26,subscriptions,cash
1147,2025-08-10,3930.75,transport,cash
1148,2025-09-18,526.05,fun,tinkoff
1149,2025-11-10,1662.0,health,cash
1150,2025-12-14,4171.92,fun,cash
1151,2025-09-06,3216.66,health,cash
1152,2025-07-01,2652.09,fun,cash
1153,2025-12-25,4771.79,subscriptions,cash
1154,2025-08-07,552.58,fun,cash
1155,2025-10-15,3009.18,education,cash
1156,2025-10-05,3049.8,food,alfa
1157,2025-08-21,4194.58,transport,alfa
1158,2025-11-13,487.33,fun,cash
1159,2025-11-03,318.27,subscriptions,alfa
1160,2025-10-03,3148.1,food,alfa
1161,2025-08-25,1777.08,transport,cash
1162,2025-10-18,2212.84,home,alfa
1163,2025-07-22,1305.12,education,tinkoff
1164,2025-09-26,2608.65,fun,alfa
1165,2025-09-22,428.91,health,tinkoff
1166,2025-08-12,4481.53,transport,tinkoff
1167,2025-08-31,4611.47,fun,alfa
1168,2025-11-07,4706.32,home,tinkoff
1169,2025-07-22,230.26,education,alfa
1170,2025-12-13,3782.65,transport,alfa
1171,2025-07-11,1836.52,fun,tinkoff
1172,2025-11-01,3240.77,home,cash
1173,2025-09-08,3911.68,education,cash
1174,2025-09-03,1960.4,home,cash
1175,2025-09-12,2530.77,education,alfa
1176,2025-12-11,4515.99,food,alfa
1177,2025-08-05,1104.45,education,alfa
1178,2025-11-23,4006.82,transport,tinkoff
1179,2025-10-18,1846.43,education,alfa
1180,2025-09-23,4227.13,fun,cash
1181,2025-09-13,2914.49,health,alfa
1182,2025-07-23,3537.61,education,cash
1183,2025-11-24,4569.08,transport,cash
1184,2025-08-18,459.85,subscriptions,tinkoff
1185,2025-09-30,3091.99,transport,cash
1186,2025-09-22,1852.24,home,alfa
1187,2025-09-11,3908.01,transport,cash
1188,2025-09-12,1898.15,subscriptions,alfa
1189,2025-10-10,3446.11,food,cash
1190,2025-07-10,3354.01,food,cash
1191,2025-08-20,4499.73,transport,cash
1192,2025-12-06,3328.32,subscriptions,cash
1193,2025-10-31,4658.9,food,tinkoff
1194,2025-09-24,4317.21,education,cash
1195,2025-08-02,943.52,home,alfa
1196,2025-10-23,3219.37,home,tinkoff
1197,2025-10-16,1819.25,subscriptions,alfa
1198,2025-11-14,1272.32,home,cash
1199,2025-11-27,4631.19,education,alfa
1200,2025-08-26,2226.51,education,tinkoff
